-- PostgreSQL Database Data Export
-- Exported on 2026-06-25T14:15:01.258Z

SET session_replication_role = replica; -- Disable triggers/FKs during insert

-- Table: ai_usage_logs (19 rows)
INSERT INTO public."ai_usage_logs" ("id", "user_id", "date", "calls_count", "created_at", "updated_at") VALUES ('0a32ac0b-6ccd-4038-be6c-ffb26ab79b2c', '00000000-0000-0000-0000-000000000123', '2026-03-10T18:30:00.000Z', 7, '2026-03-11T20:08:03.084Z', '2026-03-11T20:20:42.484Z');
INSERT INTO public."ai_usage_logs" ("id", "user_id", "date", "calls_count", "created_at", "updated_at") VALUES ('8dfb849c-ada4-4afe-bd4d-5930e044c7b6', '00000000-0000-0000-0000-000000000123', '2026-03-31T18:30:00.000Z', 2, '2026-04-01T17:59:11.209Z', '2026-04-01T18:00:57.201Z');
INSERT INTO public."ai_usage_logs" ("id", "user_id", "date", "calls_count", "created_at", "updated_at") VALUES ('9596b85e-c4dd-40b3-b398-6f0e82be2c57', '4c814337-2afd-415b-b596-46bb9432c5fe', '2026-03-31T18:30:00.000Z', 1, '2026-04-01T18:54:18.460Z', '2026-04-01T18:54:18.460Z');
INSERT INTO public."ai_usage_logs" ("id", "user_id", "date", "calls_count", "created_at", "updated_at") VALUES ('645f93bf-b3e7-400e-a170-b8f3648ed5b7', '4c814337-2afd-415b-b596-46bb9432c5fe', '2026-04-01T18:30:00.000Z', 15, '2026-04-02T04:58:57.877Z', '2026-04-02T17:18:55.774Z');
INSERT INTO public."ai_usage_logs" ("id", "user_id", "date", "calls_count", "created_at", "updated_at") VALUES ('2b41a699-5819-4f27-9039-3b578c767fba', '4c814337-2afd-415b-b596-46bb9432c5fe', '2026-04-02T18:30:00.000Z', 2, '2026-04-03T06:19:01.298Z', '2026-04-03T18:06:27.881Z');
INSERT INTO public."ai_usage_logs" ("id", "user_id", "date", "calls_count", "created_at", "updated_at") VALUES ('dea9f9b2-a393-476d-853d-99cdabe48c34', '4c814337-2afd-415b-b596-46bb9432c5fe', '2026-04-03T18:30:00.000Z', 6, '2026-04-04T04:03:10.460Z', '2026-04-04T17:13:30.759Z');
INSERT INTO public."ai_usage_logs" ("id", "user_id", "date", "calls_count", "created_at", "updated_at") VALUES ('45e49980-76dc-4364-8a9f-6aaab269a7a1', '4c814337-2afd-415b-b596-46bb9432c5fe', '2026-04-04T18:30:00.000Z', 2, '2026-04-05T06:48:13.336Z', '2026-04-05T07:11:35.313Z');
INSERT INTO public."ai_usage_logs" ("id", "user_id", "date", "calls_count", "created_at", "updated_at") VALUES ('4fca85c9-1a33-4cd0-991b-c275f1122f8c', '4c814337-2afd-415b-b596-46bb9432c5fe', '2026-04-05T18:30:00.000Z', 2, '2026-04-06T12:53:26.204Z', '2026-04-06T13:01:56.217Z');
INSERT INTO public."ai_usage_logs" ("id", "user_id", "date", "calls_count", "created_at", "updated_at") VALUES ('a657f49f-1d56-429d-8075-70e0c925fc78', 'a35f5286-ddec-49c5-bd7f-da6e62101e7b', '2026-04-09T18:30:00.000Z', 2, '2026-04-10T13:46:05.554Z', '2026-04-10T13:46:46.545Z');
INSERT INTO public."ai_usage_logs" ("id", "user_id", "date", "calls_count", "created_at", "updated_at") VALUES ('a470b131-eb2e-452b-a5e7-1ca531fcdb53', '4c814337-2afd-415b-b596-46bb9432c5fe', '2026-04-09T18:30:00.000Z', 1, '2026-04-10T17:00:42.988Z', '2026-04-10T17:00:42.988Z');
INSERT INTO public."ai_usage_logs" ("id", "user_id", "date", "calls_count", "created_at", "updated_at") VALUES ('729deed6-9317-46fa-8099-2a53f3094a87', '4c814337-2afd-415b-b596-46bb9432c5fe', '2026-04-30T18:30:00.000Z', 2, '2026-05-01T16:28:18.285Z', '2026-05-01T17:55:57.643Z');
INSERT INTO public."ai_usage_logs" ("id", "user_id", "date", "calls_count", "created_at", "updated_at") VALUES ('fdda48d0-bc61-4130-a8cf-f93786e8fc12', 'a35f5286-ddec-49c5-bd7f-da6e62101e7b', '2026-05-04T18:30:00.000Z', 8, '2026-05-05T00:39:12.620Z', '2026-05-05T00:44:34.238Z');
INSERT INTO public."ai_usage_logs" ("id", "user_id", "date", "calls_count", "created_at", "updated_at") VALUES ('5b1d0a2b-7f1e-4d68-aa53-774830dfe95e', '4c814337-2afd-415b-b596-46bb9432c5fe', '2026-05-06T18:30:00.000Z', 2, '2026-05-07T16:52:48.021Z', '2026-05-07T16:53:11.772Z');
INSERT INTO public."ai_usage_logs" ("id", "user_id", "date", "calls_count", "created_at", "updated_at") VALUES ('e9cd7ba3-43b7-4fc9-a2e8-e5baac870efc', '4c814337-2afd-415b-b596-46bb9432c5fe', '2026-05-07T18:30:00.000Z', 1, '2026-05-08T11:25:01.860Z', '2026-05-08T11:25:01.860Z');
INSERT INTO public."ai_usage_logs" ("id", "user_id", "date", "calls_count", "created_at", "updated_at") VALUES ('7f7a86dd-5e3a-4c15-b912-05ed2218d0fb', '4c814337-2afd-415b-b596-46bb9432c5fe', '2026-05-08T18:30:00.000Z', 2, '2026-05-09T15:50:19.452Z', '2026-05-09T15:50:25.703Z');
INSERT INTO public."ai_usage_logs" ("id", "user_id", "date", "calls_count", "created_at", "updated_at") VALUES ('0ff23042-841b-428c-b4e0-059aef5962a9', '4c814337-2afd-415b-b596-46bb9432c5fe', '2026-05-27T18:30:00.000Z', 1, '2026-05-28T05:09:27.121Z', '2026-05-28T05:09:27.121Z');
INSERT INTO public."ai_usage_logs" ("id", "user_id", "date", "calls_count", "created_at", "updated_at") VALUES ('68d4ffb5-ff61-4797-a89d-29a4f200cad7', '4c814337-2afd-415b-b596-46bb9432c5fe', '2026-06-04T18:30:00.000Z', 1, '2026-06-05T07:12:31.731Z', '2026-06-05T07:12:31.731Z');
INSERT INTO public."ai_usage_logs" ("id", "user_id", "date", "calls_count", "created_at", "updated_at") VALUES ('5073ba0a-7f73-4452-81ff-9ec0497c1716', '4c814337-2afd-415b-b596-46bb9432c5fe', '2026-06-07T18:30:00.000Z', 1, '2026-06-08T05:46:42.783Z', '2026-06-08T05:46:42.783Z');
INSERT INTO public."ai_usage_logs" ("id", "user_id", "date", "calls_count", "created_at", "updated_at") VALUES ('42a55038-6d40-4920-a42f-4e94bcb289be', '4c814337-2afd-415b-b596-46bb9432c5fe', '2026-06-11T18:30:00.000Z', 2, '2026-06-12T20:32:19.510Z', '2026-06-12T20:32:40.975Z');

-- Table: category_budgets (3 rows)
INSERT INTO public."category_budgets" ("user_id", "category", "amount", "updated_at") VALUES ('4c814337-2afd-415b-b596-46bb9432c5fe', 'food', '1000', '2026-04-02T05:52:05.416Z');
INSERT INTO public."category_budgets" ("user_id", "category", "amount", "updated_at") VALUES ('a35f5286-ddec-49c5-bd7f-da6e62101e7b', 'groceries', '2000', '2026-04-10T13:43:08.640Z');
INSERT INTO public."category_budgets" ("user_id", "category", "amount", "updated_at") VALUES ('a35f5286-ddec-49c5-bd7f-da6e62101e7b', 'food', '1000', '2026-04-10T13:43:22.604Z');

-- Table: daily_summary (88 rows)
INSERT INTO public."daily_summary" ("date", "user_id", "total_amount", "entry_count", "category_breakdown", "updated_at") VALUES ('2026-02-04T18:30:00.000Z', '00000000-0000-0000-0000-000000000123', '200', 3, '{"food":75,"misc":50,"transport":75}'::jsonb, '2026-03-21T12:10:59.293Z');
INSERT INTO public."daily_summary" ("date", "user_id", "total_amount", "entry_count", "category_breakdown", "updated_at") VALUES ('2026-06-10T18:30:00.000Z', '4c814337-2afd-415b-b596-46bb9432c5fe', '180', 1, '{"entertainment":180}'::jsonb, '2026-06-12T20:32:20.623Z');
INSERT INTO public."daily_summary" ("date", "user_id", "total_amount", "entry_count", "category_breakdown", "updated_at") VALUES ('2026-02-03T18:30:00.000Z', '00000000-0000-0000-0000-000000000123', '230', 2, '{"food":180,"transport":50}'::jsonb, '2026-03-21T12:10:59.473Z');
INSERT INTO public."daily_summary" ("date", "user_id", "total_amount", "entry_count", "category_breakdown", "updated_at") VALUES ('2026-02-02T18:30:00.000Z', '00000000-0000-0000-0000-000000000123', '140', 3, '{"food":40,"groceries":65,"transport":35}'::jsonb, '2026-03-21T12:10:59.746Z');
INSERT INTO public."daily_summary" ("date", "user_id", "total_amount", "entry_count", "category_breakdown", "updated_at") VALUES ('2026-02-01T18:30:00.000Z', '00000000-0000-0000-0000-000000000123', '50', 1, '{"transport":50}'::jsonb, '2026-03-21T12:10:59.869Z');
INSERT INTO public."daily_summary" ("date", "user_id", "total_amount", "entry_count", "category_breakdown", "updated_at") VALUES ('2026-01-31T18:30:00.000Z', '00000000-0000-0000-0000-000000000123', '145', 1, '{"food":145}'::jsonb, '2026-03-21T12:10:59.995Z');
INSERT INTO public."daily_summary" ("date", "user_id", "total_amount", "entry_count", "category_breakdown", "updated_at") VALUES ('2026-01-30T18:30:00.000Z', '00000000-0000-0000-0000-000000000123', '400', 1, '{"subscriptions":400}'::jsonb, '2026-03-21T12:11:00.093Z');
INSERT INTO public."daily_summary" ("date", "user_id", "total_amount", "entry_count", "category_breakdown", "updated_at") VALUES ('2026-06-12T18:30:00.000Z', '4c814337-2afd-415b-b596-46bb9432c5fe', '1150', 2, '{"food":200,"shopping":950}'::jsonb, '2026-06-13T17:34:04.672Z');
INSERT INTO public."daily_summary" ("date", "user_id", "total_amount", "entry_count", "category_breakdown", "updated_at") VALUES ('2026-01-29T18:30:00.000Z', '00000000-0000-0000-0000-000000000123', '120', 2, '{"food":70,"transport":50}'::jsonb, '2026-03-21T12:11:00.300Z');
INSERT INTO public."daily_summary" ("date", "user_id", "total_amount", "entry_count", "category_breakdown", "updated_at") VALUES ('2026-03-20T18:30:00.000Z', '4c814337-2afd-415b-b596-46bb9432c5fe', '0', 0, '{}'::jsonb, '2026-03-21T12:03:35.840Z');
INSERT INTO public."daily_summary" ("date", "user_id", "total_amount", "entry_count", "category_breakdown", "updated_at") VALUES ('2026-01-25T18:30:00.000Z', '4c814337-2afd-415b-b596-46bb9432c5fe', '0', 0, '{}'::jsonb, '2026-03-21T12:07:26.792Z');
INSERT INTO public."daily_summary" ("date", "user_id", "total_amount", "entry_count", "category_breakdown", "updated_at") VALUES ('2026-03-13T18:30:00.000Z', '00000000-0000-0000-0000-000000000123', '0', 0, '{}'::jsonb, '2026-03-21T12:10:21.725Z');
INSERT INTO public."daily_summary" ("date", "user_id", "total_amount", "entry_count", "category_breakdown", "updated_at") VALUES ('2026-03-12T18:30:00.000Z', '00000000-0000-0000-0000-000000000123', '350', 2, '{"food":300,"transport":50}'::jsonb, '2026-03-21T12:10:55.776Z');
INSERT INTO public."daily_summary" ("date", "user_id", "total_amount", "entry_count", "category_breakdown", "updated_at") VALUES ('2026-03-08T18:30:00.000Z', '00000000-0000-0000-0000-000000000123', '90', 1, '{"food":90}'::jsonb, '2026-03-21T12:10:56.241Z');
INSERT INTO public."daily_summary" ("date", "user_id", "total_amount", "entry_count", "category_breakdown", "updated_at") VALUES ('2026-01-28T18:30:00.000Z', '00000000-0000-0000-0000-000000000123', '145', 3, '{"food":100,"health":30,"transport":15}'::jsonb, '2026-03-21T12:11:00.616Z');
INSERT INTO public."daily_summary" ("date", "user_id", "total_amount", "entry_count", "category_breakdown", "updated_at") VALUES ('2026-04-01T18:30:00.000Z', '4c814337-2afd-415b-b596-46bb9432c5fe', '220', 1, '{"food":220}'::jsonb, '2026-04-02T16:14:41.529Z');
INSERT INTO public."daily_summary" ("date", "user_id", "total_amount", "entry_count", "category_breakdown", "updated_at") VALUES ('2026-03-06T18:30:00.000Z', '00000000-0000-0000-0000-000000000123', '100', 1, '{"misc":100}'::jsonb, '2026-03-21T12:10:56.397Z');
INSERT INTO public."daily_summary" ("date", "user_id", "total_amount", "entry_count", "category_breakdown", "updated_at") VALUES ('2026-03-05T18:30:00.000Z', '00000000-0000-0000-0000-000000000123', '100', 1, '{"entertainment":100}'::jsonb, '2026-03-21T12:10:56.531Z');
INSERT INTO public."daily_summary" ("date", "user_id", "total_amount", "entry_count", "category_breakdown", "updated_at") VALUES ('2026-03-04T18:30:00.000Z', '00000000-0000-0000-0000-000000000123', '10', 1, '{"transport":10}'::jsonb, '2026-03-21T12:10:56.671Z');
INSERT INTO public."daily_summary" ("date", "user_id", "total_amount", "entry_count", "category_breakdown", "updated_at") VALUES ('2026-03-02T18:30:00.000Z', '00000000-0000-0000-0000-000000000123', '75', 1, '{"food":75}'::jsonb, '2026-03-21T12:10:56.776Z');
INSERT INTO public."daily_summary" ("date", "user_id", "total_amount", "entry_count", "category_breakdown", "updated_at") VALUES ('2026-02-24T18:30:00.000Z', '00000000-0000-0000-0000-000000000123', '250', 1, '{"food":250}'::jsonb, '2026-03-21T12:10:56.894Z');
INSERT INTO public."daily_summary" ("date", "user_id", "total_amount", "entry_count", "category_breakdown", "updated_at") VALUES ('2026-02-23T18:30:00.000Z', '00000000-0000-0000-0000-000000000123', '130', 1, '{"food":130}'::jsonb, '2026-03-21T12:10:57.002Z');
INSERT INTO public."daily_summary" ("date", "user_id", "total_amount", "entry_count", "category_breakdown", "updated_at") VALUES ('2026-02-21T18:30:00.000Z', '00000000-0000-0000-0000-000000000123', '190', 2, '{"food":150,"transport":40}'::jsonb, '2026-03-21T12:10:57.230Z');
INSERT INTO public."daily_summary" ("date", "user_id", "total_amount", "entry_count", "category_breakdown", "updated_at") VALUES ('2026-02-17T18:30:00.000Z', '00000000-0000-0000-0000-000000000123', '180', 1, '{"entertainment":180}'::jsonb, '2026-03-21T12:10:57.329Z');
INSERT INTO public."daily_summary" ("date", "user_id", "total_amount", "entry_count", "category_breakdown", "updated_at") VALUES ('2026-02-16T18:30:00.000Z', '00000000-0000-0000-0000-000000000123', '210', 1, '{"food":210}'::jsonb, '2026-03-21T12:10:57.443Z');
INSERT INTO public."daily_summary" ("date", "user_id", "total_amount", "entry_count", "category_breakdown", "updated_at") VALUES ('2026-04-09T18:30:00.000Z', 'a35f5286-ddec-49c5-bd7f-da6e62101e7b', '1100', 2, '{"food":250,"health":850}'::jsonb, '2026-04-10T13:33:34.303Z');
INSERT INTO public."daily_summary" ("date", "user_id", "total_amount", "entry_count", "category_breakdown", "updated_at") VALUES ('2026-04-11T18:30:00.000Z', '4c814337-2afd-415b-b596-46bb9432c5fe', '85', 1, '{"food":85}'::jsonb, '2026-04-12T16:36:29.888Z');
INSERT INTO public."daily_summary" ("date", "user_id", "total_amount", "entry_count", "category_breakdown", "updated_at") VALUES ('2026-02-14T18:30:00.000Z', '00000000-0000-0000-0000-000000000123', '255', 2, '{"food":130,"entertainment":125}'::jsonb, '2026-03-21T12:10:57.707Z');
INSERT INTO public."daily_summary" ("date", "user_id", "total_amount", "entry_count", "category_breakdown", "updated_at") VALUES ('2026-02-13T18:30:00.000Z', '00000000-0000-0000-0000-000000000123', '600', 1, '{"shopping":600}'::jsonb, '2026-03-21T12:10:57.805Z');
INSERT INTO public."daily_summary" ("date", "user_id", "total_amount", "entry_count", "category_breakdown", "updated_at") VALUES ('2026-04-30T18:30:00.000Z', '4c814337-2afd-415b-b596-46bb9432c5fe', '160', 1, '{"food":160}'::jsonb, '2026-05-01T16:27:13.924Z');
INSERT INTO public."daily_summary" ("date", "user_id", "total_amount", "entry_count", "category_breakdown", "updated_at") VALUES ('2026-02-12T18:30:00.000Z', '00000000-0000-0000-0000-000000000123', '215', 2, '{"food":115,"subscriptions":100}'::jsonb, '2026-03-21T12:10:58.009Z');
INSERT INTO public."daily_summary" ("date", "user_id", "total_amount", "entry_count", "category_breakdown", "updated_at") VALUES ('2026-02-11T18:30:00.000Z', '00000000-0000-0000-0000-000000000123', '175', 2, '{"food":135,"transport":40}'::jsonb, '2026-03-21T12:10:58.286Z');
INSERT INTO public."daily_summary" ("date", "user_id", "total_amount", "entry_count", "category_breakdown", "updated_at") VALUES ('2026-02-19T18:30:00.000Z', '00000000-0000-0000-0000-000000000123', '0', 0, '{}'::jsonb, '2026-02-20T09:41:35.690Z');
INSERT INTO public."daily_summary" ("date", "user_id", "total_amount", "entry_count", "category_breakdown", "updated_at") VALUES ('2026-02-09T18:30:00.000Z', '00000000-0000-0000-0000-000000000123', '40', 1, '{"misc":40}'::jsonb, '2026-03-21T12:10:58.386Z');
INSERT INTO public."daily_summary" ("date", "user_id", "total_amount", "entry_count", "category_breakdown", "updated_at") VALUES ('2026-02-08T18:30:00.000Z', '00000000-0000-0000-0000-000000000123', '440', 3, '{"food":110,"transport":50,"subscriptions":280}'::jsonb, '2026-03-21T12:10:58.716Z');
INSERT INTO public."daily_summary" ("date", "user_id", "total_amount", "entry_count", "category_breakdown", "updated_at") VALUES ('2026-02-06T18:30:00.000Z', '00000000-0000-0000-0000-000000000123', '10', 1, '{"misc":10}'::jsonb, '2026-03-21T12:10:58.821Z');
INSERT INTO public."daily_summary" ("date", "user_id", "total_amount", "entry_count", "category_breakdown", "updated_at") VALUES ('2026-02-05T18:30:00.000Z', '00000000-0000-0000-0000-000000000123', '300', 2, '{"food":200,"transport":100}'::jsonb, '2026-03-21T12:10:59.033Z');
INSERT INTO public."daily_summary" ("date", "user_id", "total_amount", "entry_count", "category_breakdown", "updated_at") VALUES ('2026-05-04T18:30:00.000Z', 'a35f5286-ddec-49c5-bd7f-da6e62101e7b', '740', 3, '{"food":200,"groceries":440,"transport":100}'::jsonb, '2026-05-05T00:42:59.820Z');
INSERT INTO public."daily_summary" ("date", "user_id", "total_amount", "entry_count", "category_breakdown", "updated_at") VALUES ('2026-05-05T18:30:00.000Z', '4c814337-2afd-415b-b596-46bb9432c5fe', '380', 1, '{"misc":380}'::jsonb, '2026-05-08T11:25:19.315Z');
INSERT INTO public."daily_summary" ("date", "user_id", "total_amount", "entry_count", "category_breakdown", "updated_at") VALUES ('2026-05-27T18:30:00.000Z', '4c814337-2afd-415b-b596-46bb9432c5fe', '10', 1, '{"misc":10}'::jsonb, '2026-05-28T05:09:33.214Z');
INSERT INTO public."daily_summary" ("date", "user_id", "total_amount", "entry_count", "category_breakdown", "updated_at") VALUES ('2026-06-04T18:30:00.000Z', '4c814337-2afd-415b-b596-46bb9432c5fe', '90', 1, '{"food":90}'::jsonb, '2026-06-05T07:12:32.622Z');
INSERT INTO public."daily_summary" ("date", "user_id", "total_amount", "entry_count", "category_breakdown", "updated_at") VALUES ('2026-03-10T18:30:00.000Z', '00000000-0000-0000-0000-000000000123', '30', 1, '{"entertainment":30}'::jsonb, '2026-03-21T12:10:55.933Z');
INSERT INTO public."daily_summary" ("date", "user_id", "total_amount", "entry_count", "category_breakdown", "updated_at") VALUES ('2026-03-09T18:30:00.000Z', '00000000-0000-0000-0000-000000000123', '55', 1, '{"food":55}'::jsonb, '2026-03-21T12:10:56.074Z');
INSERT INTO public."daily_summary" ("date", "user_id", "total_amount", "entry_count", "category_breakdown", "updated_at") VALUES ('2026-01-27T18:30:00.000Z', '00000000-0000-0000-0000-000000000123', '385', 2, '{"misc":370,"transport":15}'::jsonb, '2026-03-21T12:11:00.815Z');
INSERT INTO public."daily_summary" ("date", "user_id", "total_amount", "entry_count", "category_breakdown", "updated_at") VALUES ('2026-02-17T18:30:00.000Z', '4c814337-2afd-415b-b596-46bb9432c5fe', '0', 0, '{}'::jsonb, '2026-03-21T12:07:26.792Z');
INSERT INTO public."daily_summary" ("date", "user_id", "total_amount", "entry_count", "category_breakdown", "updated_at") VALUES ('2026-01-26T18:30:00.000Z', '00000000-0000-0000-0000-000000000123', '60', 2, '{"food":50,"transport":10}'::jsonb, '2026-03-21T12:11:00.997Z');
INSERT INTO public."daily_summary" ("date", "user_id", "total_amount", "entry_count", "category_breakdown", "updated_at") VALUES ('2026-02-16T18:30:00.000Z', '4c814337-2afd-415b-b596-46bb9432c5fe', '0', 0, '{}'::jsonb, '2026-03-21T12:07:26.792Z');
INSERT INTO public."daily_summary" ("date", "user_id", "total_amount", "entry_count", "category_breakdown", "updated_at") VALUES ('2026-01-25T18:30:00.000Z', '00000000-0000-0000-0000-000000000123', '90', 2, '{"groceries":40,"transport":50}'::jsonb, '2026-03-21T12:11:01.172Z');
INSERT INTO public."daily_summary" ("date", "user_id", "total_amount", "entry_count", "category_breakdown", "updated_at") VALUES ('2026-03-30T18:30:00.000Z', '4c814337-2afd-415b-b596-46bb9432c5fe', '430', 2, '{"food":400,"transport":30}'::jsonb, '2026-04-01T18:40:43.558Z');
INSERT INTO public."daily_summary" ("date", "user_id", "total_amount", "entry_count", "category_breakdown", "updated_at") VALUES ('2026-04-02T18:30:00.000Z', '4c814337-2afd-415b-b596-46bb9432c5fe', '100', 1, '{"food":100}'::jsonb, '2026-04-03T18:05:57.886Z');
INSERT INTO public."daily_summary" ("date", "user_id", "total_amount", "entry_count", "category_breakdown", "updated_at") VALUES ('2026-04-09T18:30:00.000Z', '4c814337-2afd-415b-b596-46bb9432c5fe', '150', 1, '{"entertainment":150}'::jsonb, '2026-04-10T17:00:46.192Z');
INSERT INTO public."daily_summary" ("date", "user_id", "total_amount", "entry_count", "category_breakdown", "updated_at") VALUES ('2026-02-14T18:30:00.000Z', '4c814337-2afd-415b-b596-46bb9432c5fe', '0', 0, '{}'::jsonb, '2026-03-21T12:07:26.792Z');
INSERT INTO public."daily_summary" ("date", "user_id", "total_amount", "entry_count", "category_breakdown", "updated_at") VALUES ('2026-04-13T18:30:00.000Z', 'a35f5286-ddec-49c5-bd7f-da6e62101e7b', '1700', 2, '{"groceries":1700}'::jsonb, '2026-04-14T10:32:54.225Z');
INSERT INTO public."daily_summary" ("date", "user_id", "total_amount", "entry_count", "category_breakdown", "updated_at") VALUES ('2026-05-02T18:30:00.000Z', '4c814337-2afd-415b-b596-46bb9432c5fe', '130', 1, '{"food":130}'::jsonb, '2026-05-04T07:14:01.668Z');
INSERT INTO public."daily_summary" ("date", "user_id", "total_amount", "entry_count", "category_breakdown", "updated_at") VALUES ('2026-05-03T18:30:00.000Z', '4c814337-2afd-415b-b596-46bb9432c5fe', '25', 1, '{"transport":25}'::jsonb, '2026-05-05T18:33:35.616Z');
INSERT INTO public."daily_summary" ("date", "user_id", "total_amount", "entry_count", "category_breakdown", "updated_at") VALUES ('2026-05-07T18:30:00.000Z', '4c814337-2afd-415b-b596-46bb9432c5fe', '90', 1, '{"entertainment":90}'::jsonb, '2026-05-08T11:25:05.241Z');
INSERT INTO public."daily_summary" ("date", "user_id", "total_amount", "entry_count", "category_breakdown", "updated_at") VALUES ('2026-03-12T18:30:00.000Z', '4c814337-2afd-415b-b596-46bb9432c5fe', '0', 0, '{}'::jsonb, '2026-03-21T12:07:26.792Z');
INSERT INTO public."daily_summary" ("date", "user_id", "total_amount", "entry_count", "category_breakdown", "updated_at") VALUES ('2026-03-10T18:30:00.000Z', '4c814337-2afd-415b-b596-46bb9432c5fe', '0', 0, '{}'::jsonb, '2026-03-21T12:07:26.792Z');
INSERT INTO public."daily_summary" ("date", "user_id", "total_amount", "entry_count", "category_breakdown", "updated_at") VALUES ('2026-03-09T18:30:00.000Z', '4c814337-2afd-415b-b596-46bb9432c5fe', '0', 0, '{}'::jsonb, '2026-03-21T12:07:26.792Z');
INSERT INTO public."daily_summary" ("date", "user_id", "total_amount", "entry_count", "category_breakdown", "updated_at") VALUES ('2026-03-08T18:30:00.000Z', '4c814337-2afd-415b-b596-46bb9432c5fe', '0', 0, '{}'::jsonb, '2026-03-21T12:07:26.792Z');
INSERT INTO public."daily_summary" ("date", "user_id", "total_amount", "entry_count", "category_breakdown", "updated_at") VALUES ('2026-03-06T18:30:00.000Z', '4c814337-2afd-415b-b596-46bb9432c5fe', '0', 0, '{}'::jsonb, '2026-03-21T12:07:26.792Z');
INSERT INTO public."daily_summary" ("date", "user_id", "total_amount", "entry_count", "category_breakdown", "updated_at") VALUES ('2026-03-05T18:30:00.000Z', '4c814337-2afd-415b-b596-46bb9432c5fe', '0', 0, '{}'::jsonb, '2026-03-21T12:07:26.792Z');
INSERT INTO public."daily_summary" ("date", "user_id", "total_amount", "entry_count", "category_breakdown", "updated_at") VALUES ('2026-03-04T18:30:00.000Z', '4c814337-2afd-415b-b596-46bb9432c5fe', '0', 0, '{}'::jsonb, '2026-03-21T12:07:26.792Z');
INSERT INTO public."daily_summary" ("date", "user_id", "total_amount", "entry_count", "category_breakdown", "updated_at") VALUES ('2026-03-02T18:30:00.000Z', '4c814337-2afd-415b-b596-46bb9432c5fe', '0', 0, '{}'::jsonb, '2026-03-21T12:07:26.792Z');
INSERT INTO public."daily_summary" ("date", "user_id", "total_amount", "entry_count", "category_breakdown", "updated_at") VALUES ('2026-02-24T18:30:00.000Z', '4c814337-2afd-415b-b596-46bb9432c5fe', '0', 0, '{}'::jsonb, '2026-03-21T12:07:26.792Z');
INSERT INTO public."daily_summary" ("date", "user_id", "total_amount", "entry_count", "category_breakdown", "updated_at") VALUES ('2026-02-23T18:30:00.000Z', '4c814337-2afd-415b-b596-46bb9432c5fe', '0', 0, '{}'::jsonb, '2026-03-21T12:07:26.792Z');
INSERT INTO public."daily_summary" ("date", "user_id", "total_amount", "entry_count", "category_breakdown", "updated_at") VALUES ('2026-06-03T18:30:00.000Z', '4c814337-2afd-415b-b596-46bb9432c5fe', '600', 1, '{"health":600}'::jsonb, '2026-06-04T15:49:09.937Z');
INSERT INTO public."daily_summary" ("date", "user_id", "total_amount", "entry_count", "category_breakdown", "updated_at") VALUES ('2026-02-21T18:30:00.000Z', '4c814337-2afd-415b-b596-46bb9432c5fe', '0', 0, '{}'::jsonb, '2026-03-21T12:07:26.792Z');
INSERT INTO public."daily_summary" ("date", "user_id", "total_amount", "entry_count", "category_breakdown", "updated_at") VALUES ('2026-02-13T18:30:00.000Z', '4c814337-2afd-415b-b596-46bb9432c5fe', '0', 0, '{}'::jsonb, '2026-03-21T12:07:26.792Z');
INSERT INTO public."daily_summary" ("date", "user_id", "total_amount", "entry_count", "category_breakdown", "updated_at") VALUES ('2026-02-12T18:30:00.000Z', '4c814337-2afd-415b-b596-46bb9432c5fe', '0', 0, '{}'::jsonb, '2026-03-21T12:07:26.792Z');
INSERT INTO public."daily_summary" ("date", "user_id", "total_amount", "entry_count", "category_breakdown", "updated_at") VALUES ('2026-06-07T18:30:00.000Z', '4c814337-2afd-415b-b596-46bb9432c5fe', '885', 2, '{"food":140,"shopping":745}'::jsonb, '2026-06-08T17:15:54.813Z');
INSERT INTO public."daily_summary" ("date", "user_id", "total_amount", "entry_count", "category_breakdown", "updated_at") VALUES ('2026-02-11T18:30:00.000Z', '4c814337-2afd-415b-b596-46bb9432c5fe', '0', 0, '{}'::jsonb, '2026-03-21T12:07:26.792Z');
INSERT INTO public."daily_summary" ("date", "user_id", "total_amount", "entry_count", "category_breakdown", "updated_at") VALUES ('2026-02-09T18:30:00.000Z', '4c814337-2afd-415b-b596-46bb9432c5fe', '0', 0, '{}'::jsonb, '2026-03-21T12:07:26.792Z');
INSERT INTO public."daily_summary" ("date", "user_id", "total_amount", "entry_count", "category_breakdown", "updated_at") VALUES ('2026-06-11T18:30:00.000Z', '4c814337-2afd-415b-b596-46bb9432c5fe', '20', 1, '{"food":20}'::jsonb, '2026-06-12T20:32:42.106Z');
INSERT INTO public."daily_summary" ("date", "user_id", "total_amount", "entry_count", "category_breakdown", "updated_at") VALUES ('2026-02-08T18:30:00.000Z', '4c814337-2afd-415b-b596-46bb9432c5fe', '0', 0, '{}'::jsonb, '2026-03-21T12:07:26.792Z');
INSERT INTO public."daily_summary" ("date", "user_id", "total_amount", "entry_count", "category_breakdown", "updated_at") VALUES ('2026-02-06T18:30:00.000Z', '4c814337-2afd-415b-b596-46bb9432c5fe', '0', 0, '{}'::jsonb, '2026-03-21T12:07:26.792Z');
INSERT INTO public."daily_summary" ("date", "user_id", "total_amount", "entry_count", "category_breakdown", "updated_at") VALUES ('2026-06-14T18:30:00.000Z', '4c814337-2afd-415b-b596-46bb9432c5fe', '460', 2, '{"entertainment":460}'::jsonb, '2026-06-16T18:49:58.545Z');
INSERT INTO public."daily_summary" ("date", "user_id", "total_amount", "entry_count", "category_breakdown", "updated_at") VALUES ('2026-02-05T18:30:00.000Z', '4c814337-2afd-415b-b596-46bb9432c5fe', '0', 0, '{}'::jsonb, '2026-03-21T12:07:26.792Z');
INSERT INTO public."daily_summary" ("date", "user_id", "total_amount", "entry_count", "category_breakdown", "updated_at") VALUES ('2026-02-04T18:30:00.000Z', '4c814337-2afd-415b-b596-46bb9432c5fe', '0', 0, '{}'::jsonb, '2026-03-21T12:07:26.792Z');
INSERT INTO public."daily_summary" ("date", "user_id", "total_amount", "entry_count", "category_breakdown", "updated_at") VALUES ('2026-02-03T18:30:00.000Z', '4c814337-2afd-415b-b596-46bb9432c5fe', '0', 0, '{}'::jsonb, '2026-03-21T12:07:26.792Z');
INSERT INTO public."daily_summary" ("date", "user_id", "total_amount", "entry_count", "category_breakdown", "updated_at") VALUES ('2026-02-02T18:30:00.000Z', '4c814337-2afd-415b-b596-46bb9432c5fe', '0', 0, '{}'::jsonb, '2026-03-21T12:07:26.792Z');
INSERT INTO public."daily_summary" ("date", "user_id", "total_amount", "entry_count", "category_breakdown", "updated_at") VALUES ('2026-02-01T18:30:00.000Z', '4c814337-2afd-415b-b596-46bb9432c5fe', '0', 0, '{}'::jsonb, '2026-03-21T12:07:26.792Z');
INSERT INTO public."daily_summary" ("date", "user_id", "total_amount", "entry_count", "category_breakdown", "updated_at") VALUES ('2026-01-31T18:30:00.000Z', '4c814337-2afd-415b-b596-46bb9432c5fe', '0', 0, '{}'::jsonb, '2026-03-21T12:07:26.792Z');
INSERT INTO public."daily_summary" ("date", "user_id", "total_amount", "entry_count", "category_breakdown", "updated_at") VALUES ('2026-01-30T18:30:00.000Z', '4c814337-2afd-415b-b596-46bb9432c5fe', '0', 0, '{}'::jsonb, '2026-03-21T12:07:26.792Z');
INSERT INTO public."daily_summary" ("date", "user_id", "total_amount", "entry_count", "category_breakdown", "updated_at") VALUES ('2026-01-29T18:30:00.000Z', '4c814337-2afd-415b-b596-46bb9432c5fe', '0', 0, '{}'::jsonb, '2026-03-21T12:07:26.792Z');
INSERT INTO public."daily_summary" ("date", "user_id", "total_amount", "entry_count", "category_breakdown", "updated_at") VALUES ('2026-01-28T18:30:00.000Z', '4c814337-2afd-415b-b596-46bb9432c5fe', '0', 0, '{}'::jsonb, '2026-03-21T12:07:26.792Z');
INSERT INTO public."daily_summary" ("date", "user_id", "total_amount", "entry_count", "category_breakdown", "updated_at") VALUES ('2026-01-27T18:30:00.000Z', '4c814337-2afd-415b-b596-46bb9432c5fe', '0', 0, '{}'::jsonb, '2026-03-21T12:07:26.792Z');
INSERT INTO public."daily_summary" ("date", "user_id", "total_amount", "entry_count", "category_breakdown", "updated_at") VALUES ('2026-01-26T18:30:00.000Z', '4c814337-2afd-415b-b596-46bb9432c5fe', '0', 0, '{}'::jsonb, '2026-03-21T12:07:26.792Z');

-- Table: entries (80 rows)
INSERT INTO public."entries" ("id", "user_id", "amount", "category", "description", "date", "confidence", "created_at", "is_archived", "currency_code", "source", "metadata") VALUES ('f061795b-8fe5-4bdc-a1f9-1bf3ba281fcf', '00000000-0000-0000-0000-000000000123', '50', 'transport', 'Travel', '2026-03-13T14:44:33.274Z', '1.0', '2026-03-21T12:10:55.464Z', false, 'INR', 'manual', '{}'::jsonb);
INSERT INTO public."entries" ("id", "user_id", "amount", "category", "description", "date", "confidence", "created_at", "is_archived", "currency_code", "source", "metadata") VALUES ('9a46ae93-6943-4048-8ce0-4f6416bda403', '00000000-0000-0000-0000-000000000123', '300', 'food', 'Lunch', '2026-03-13T14:44:22.873Z', '1.0', '2026-03-21T12:10:55.776Z', false, 'INR', 'manual', '{}'::jsonb);
INSERT INTO public."entries" ("id", "user_id", "amount", "category", "description", "date", "confidence", "created_at", "is_archived", "currency_code", "source", "metadata") VALUES ('14abe120-90c6-4d1d-9ca4-d1f35bf5f704', '00000000-0000-0000-0000-000000000123', '30', 'entertainment', 'Turf', '2026-03-11T15:28:25.512Z', '1.0', '2026-03-21T12:10:55.933Z', false, 'INR', 'manual', '{}'::jsonb);
INSERT INTO public."entries" ("id", "user_id", "amount", "category", "description", "date", "confidence", "created_at", "is_archived", "currency_code", "source", "metadata") VALUES ('22f8936d-8f4c-40c4-b40c-f229feb4cf78', '00000000-0000-0000-0000-000000000123', '55', 'food', 'Lunch', '2026-03-10T13:41:28.139Z', '1.0', '2026-03-21T12:10:56.074Z', false, 'INR', 'manual', '{}'::jsonb);
INSERT INTO public."entries" ("id", "user_id", "amount", "category", "description", "date", "confidence", "created_at", "is_archived", "currency_code", "source", "metadata") VALUES ('ffa51345-050b-44a8-b10a-b05a7acb87bb', '00000000-0000-0000-0000-000000000123', '90', 'food', 'Junks', '2026-03-09T13:40:57.695Z', '1.0', '2026-03-21T12:10:56.241Z', false, 'INR', 'manual', '{}'::jsonb);
INSERT INTO public."entries" ("id", "user_id", "amount", "category", "description", "date", "confidence", "created_at", "is_archived", "currency_code", "source", "metadata") VALUES ('3e807a5f-a7e7-4302-8742-f237eaf6e926', '00000000-0000-0000-0000-000000000123', '100', 'misc', 'Lost bet', '2026-03-07T13:19:11.519Z', '1.0', '2026-03-21T12:10:56.397Z', false, 'INR', 'manual', '{}'::jsonb);
INSERT INTO public."entries" ("id", "user_id", "amount", "category", "description", "date", "confidence", "created_at", "is_archived", "currency_code", "source", "metadata") VALUES ('d9c6c67b-8b72-4fe4-af64-58acbd3549e5', '00000000-0000-0000-0000-000000000123', '100', 'entertainment', 'Turf', '2026-03-06T13:54:48.517Z', '1.0', '2026-03-21T12:10:56.531Z', false, 'INR', 'manual', '{}'::jsonb);
INSERT INTO public."entries" ("id", "user_id", "amount", "category", "description", "date", "confidence", "created_at", "is_archived", "currency_code", "source", "metadata") VALUES ('4af4c8e2-ca48-4a06-9e0e-c3148e7df4f1', '00000000-0000-0000-0000-000000000123', '10', 'transport', 'Bus', '2026-03-05T13:59:05.559Z', '1.0', '2026-03-21T12:10:56.671Z', false, 'INR', 'manual', '{}'::jsonb);
INSERT INTO public."entries" ("id", "user_id", "amount", "category", "description", "date", "confidence", "created_at", "is_archived", "currency_code", "source", "metadata") VALUES ('f78bc09d-6f9f-49f0-97a1-73973ec54ec5', '00000000-0000-0000-0000-000000000123', '75', 'food', 'Snacks', '2026-03-03T15:51:00.080Z', '1.0', '2026-03-21T12:10:56.776Z', false, 'INR', 'manual', '{}'::jsonb);
INSERT INTO public."entries" ("id", "user_id", "amount", "category", "description", "date", "confidence", "created_at", "is_archived", "currency_code", "source", "metadata") VALUES ('dc44e00c-6d3a-4039-a9bc-23a202083982', '00000000-0000-0000-0000-000000000123', '250', 'food', 'Lunch', '2026-02-25T17:19:47.689Z', '1.0', '2026-03-21T12:10:56.894Z', false, 'INR', 'manual', '{}'::jsonb);
INSERT INTO public."entries" ("id", "user_id", "amount", "category", "description", "date", "confidence", "created_at", "is_archived", "currency_code", "source", "metadata") VALUES ('425a64e3-8dbf-4f0e-8ee9-4ae4bcd42906', '00000000-0000-0000-0000-000000000123', '130', 'food', 'Lunch', '2026-02-24T13:48:48.190Z', '1.0', '2026-03-21T12:10:57.002Z', false, 'INR', 'manual', '{}'::jsonb);
INSERT INTO public."entries" ("id", "user_id", "amount", "category", "description", "date", "confidence", "created_at", "is_archived", "currency_code", "source", "metadata") VALUES ('03fa854b-91c3-4917-bf7a-86fd2d26dff9', '00000000-0000-0000-0000-000000000123', '40', 'transport', 'Metro ticks', '2026-02-22T06:38:19.031Z', '1.0', '2026-03-21T12:10:57.127Z', false, 'INR', 'manual', '{}'::jsonb);
INSERT INTO public."entries" ("id", "user_id", "amount", "category", "description", "date", "confidence", "created_at", "is_archived", "currency_code", "source", "metadata") VALUES ('e628a1c7-cf40-4fda-8d4f-465aa54d3173', '00000000-0000-0000-0000-000000000123', '150', 'food', 'Breakfast', '2026-02-22T06:38:01.009Z', '1.0', '2026-03-21T12:10:57.230Z', false, 'INR', 'manual', '{}'::jsonb);
INSERT INTO public."entries" ("id", "user_id", "amount", "category", "description", "date", "confidence", "created_at", "is_archived", "currency_code", "source", "metadata") VALUES ('36ea3077-14ae-4d47-bd53-8562697d6ffc', '00000000-0000-0000-0000-000000000123', '180', 'entertainment', 'Turf', '2026-02-18T16:57:24.029Z', '1.0', '2026-03-21T12:10:57.329Z', false, 'INR', 'manual', '{}'::jsonb);
INSERT INTO public."entries" ("id", "user_id", "amount", "category", "description", "date", "confidence", "created_at", "is_archived", "currency_code", "source", "metadata") VALUES ('0dff2fb6-3d0a-469e-bab8-6a3a87fa2af6', '00000000-0000-0000-0000-000000000123', '210', 'food', 'dinner, dessert', '2026-02-17T17:48:30.539Z', '1.0', '2026-03-21T12:10:57.443Z', false, 'INR', 'manual', '{}'::jsonb);
INSERT INTO public."entries" ("id", "user_id", "amount", "category", "description", "date", "confidence", "created_at", "is_archived", "currency_code", "source", "metadata") VALUES ('d36eb73d-85fa-470f-b32f-5b029ea0890d', '00000000-0000-0000-0000-000000000123', '130', 'food', 'Breakfast', '2026-02-15T06:39:52.654Z', '1.0', '2026-03-21T12:10:57.578Z', false, 'INR', 'manual', '{}'::jsonb);
INSERT INTO public."entries" ("id", "user_id", "amount", "category", "description", "date", "confidence", "created_at", "is_archived", "currency_code", "source", "metadata") VALUES ('9df889d0-6649-4067-8535-6b9500be40a1', '00000000-0000-0000-0000-000000000123', '125', 'entertainment', 'Turf', '2026-02-15T06:39:28.484Z', '1.0', '2026-03-21T12:10:57.707Z', false, 'INR', 'manual', '{}'::jsonb);
INSERT INTO public."entries" ("id", "user_id", "amount", "category", "description", "date", "confidence", "created_at", "is_archived", "currency_code", "source", "metadata") VALUES ('cbf33570-2a35-4f2b-858b-08ced6f285e3', '00000000-0000-0000-0000-000000000123', '600', 'shopping', 'Shopee', '2026-02-14T06:10:20.401Z', '1.0', '2026-03-21T12:10:57.805Z', false, 'INR', 'manual', '{}'::jsonb);
INSERT INTO public."entries" ("id", "user_id", "amount", "category", "description", "date", "confidence", "created_at", "is_archived", "currency_code", "source", "metadata") VALUES ('3db0a671-741e-4798-897c-5d5776384d49', '00000000-0000-0000-0000-000000000123', '115', 'food', 'Veg frankie', '2026-02-13T14:21:22.676Z', '1.0', '2026-03-21T12:10:57.912Z', false, 'INR', 'manual', '{}'::jsonb);
INSERT INTO public."entries" ("id", "user_id", "amount", "category", "description", "date", "confidence", "created_at", "is_archived", "currency_code", "source", "metadata") VALUES ('15b4904e-7277-4432-8382-a5b9f7e0877c', '00000000-0000-0000-0000-000000000123', '100', 'subscriptions', 'Spotify', '2026-02-13T06:25:00.496Z', '1.0', '2026-03-21T12:10:58.009Z', false, 'INR', 'manual', '{}'::jsonb);
INSERT INTO public."entries" ("id", "user_id", "amount", "category", "description", "date", "confidence", "created_at", "is_archived", "currency_code", "source", "metadata") VALUES ('9c4c21c0-93ae-493a-b367-41d025660042', '00000000-0000-0000-0000-000000000123', '135', 'food', 'Burger', '2026-02-12T09:35:28.068Z', '1.0', '2026-03-21T12:10:58.152Z', false, 'INR', 'manual', '{}'::jsonb);
INSERT INTO public."entries" ("id", "user_id", "amount", "category", "description", "date", "confidence", "created_at", "is_archived", "currency_code", "source", "metadata") VALUES ('97916995-2b93-4096-aac2-98073f106647', '00000000-0000-0000-0000-000000000123', '40', 'transport', 'travel', '2026-02-12T09:35:07.458Z', '1.0', '2026-03-21T12:10:58.286Z', false, 'INR', 'manual', '{}'::jsonb);
INSERT INTO public."entries" ("id", "user_id", "amount", "category", "description", "date", "confidence", "created_at", "is_archived", "currency_code", "source", "metadata") VALUES ('a4359ed6-0492-4627-acdf-6a4c9ed576e3', '00000000-0000-0000-0000-000000000123', '40', 'misc', 'Snacks', '2026-02-10T14:24:18.093Z', '1.0', '2026-03-21T12:10:58.386Z', false, 'INR', 'manual', '{}'::jsonb);
INSERT INTO public."entries" ("id", "user_id", "amount", "category", "description", "date", "confidence", "created_at", "is_archived", "currency_code", "source", "metadata") VALUES ('65ff37e0-9d15-440e-9a11-82d444f009e0', '00000000-0000-0000-0000-000000000123', '280', 'subscriptions', 'bus - pass', '2026-02-09T13:16:22.415Z', '1.0', '2026-03-21T12:10:58.478Z', false, 'INR', 'manual', '{}'::jsonb);
INSERT INTO public."entries" ("id", "user_id", "amount", "category", "description", "date", "confidence", "created_at", "is_archived", "currency_code", "source", "metadata") VALUES ('d68ca28e-cd84-410f-a9a0-dde0c6ceebf9', '00000000-0000-0000-0000-000000000123', '110', 'food', 'Eatouts', '2026-02-09T13:16:03.629Z', '1.0', '2026-03-21T12:10:58.601Z', false, 'INR', 'manual', '{}'::jsonb);
INSERT INTO public."entries" ("id", "user_id", "amount", "category", "description", "date", "confidence", "created_at", "is_archived", "currency_code", "source", "metadata") VALUES ('a7e2b776-edf8-4221-84f0-7ecb5ca3f377', '00000000-0000-0000-0000-000000000123', '50', 'transport', 'bus+auto', '2026-02-09T04:21:24.221Z', '1.0', '2026-03-21T12:10:58.716Z', false, 'INR', 'manual', '{}'::jsonb);
INSERT INTO public."entries" ("id", "user_id", "amount", "category", "description", "date", "confidence", "created_at", "is_archived", "currency_code", "source", "metadata") VALUES ('53ce37bb-581a-441f-8a4f-e2311eb17c95', '00000000-0000-0000-0000-000000000123', '10', 'misc', 'grace', '2026-02-07T16:04:05.552Z', '1.0', '2026-03-21T12:10:58.821Z', false, 'INR', 'manual', '{}'::jsonb);
INSERT INTO public."entries" ("id", "user_id", "amount", "category", "description", "date", "confidence", "created_at", "is_archived", "currency_code", "source", "metadata") VALUES ('52e88176-ecd6-4699-abb3-abfa588f0224', '00000000-0000-0000-0000-000000000123', '100', 'transport', 'Commute ovr', '2026-02-06T14:11:15.378Z', '1.0', '2026-03-21T12:10:58.930Z', false, 'INR', 'manual', '{}'::jsonb);
INSERT INTO public."entries" ("id", "user_id", "amount", "category", "description", "date", "confidence", "created_at", "is_archived", "currency_code", "source", "metadata") VALUES ('458515fe-7e15-4b18-833b-70d0d976d98a', '00000000-0000-0000-0000-000000000123', '200', 'food', 'Loaded fries', '2026-02-06T14:10:01.744Z', '1.0', '2026-03-21T12:10:59.033Z', false, 'INR', 'manual', '{}'::jsonb);
INSERT INTO public."entries" ("id", "user_id", "amount", "category", "description", "date", "confidence", "created_at", "is_archived", "currency_code", "source", "metadata") VALUES ('51affb7d-584c-4ff2-b5ad-98f725ff7317', '00000000-0000-0000-0000-000000000123', '50', 'misc', 'Juice sxg', '2026-02-05T15:00:43.287Z', '1.0', '2026-03-21T12:10:59.116Z', false, 'INR', 'manual', '{}'::jsonb);
INSERT INTO public."entries" ("id", "user_id", "amount", "category", "description", "date", "confidence", "created_at", "is_archived", "currency_code", "source", "metadata") VALUES ('a8405027-446d-49d3-8388-eaa47d27d7c5', '00000000-0000-0000-0000-000000000123', '75', 'transport', 'Commute ovr', '2026-02-05T14:59:26.232Z', '1.0', '2026-03-21T12:10:59.201Z', false, 'INR', 'manual', '{}'::jsonb);
INSERT INTO public."entries" ("id", "user_id", "amount", "category", "description", "date", "confidence", "created_at", "is_archived", "currency_code", "source", "metadata") VALUES ('8c6d3ec7-9965-4894-9fe7-0fa5455eb8ff', '00000000-0000-0000-0000-000000000123', '75', 'food', 'biryani + coke', '2026-02-05T14:58:24.990Z', '1.0', '2026-03-21T12:10:59.293Z', false, 'INR', 'manual', '{}'::jsonb);
INSERT INTO public."entries" ("id", "user_id", "amount", "category", "description", "date", "confidence", "created_at", "is_archived", "currency_code", "source", "metadata") VALUES ('28e9d2da-3373-4df0-8ce6-8df42d126384', '00000000-0000-0000-0000-000000000123', '50', 'transport', 'travel', '2026-02-04T12:44:25.275Z', '1.0', '2026-03-21T12:10:59.382Z', false, 'INR', 'manual', '{}'::jsonb);
INSERT INTO public."entries" ("id", "user_id", "amount", "category", "description", "date", "confidence", "created_at", "is_archived", "currency_code", "source", "metadata") VALUES ('19e8a645-f2d5-41d1-a8cf-b2347a515b4e', '00000000-0000-0000-0000-000000000123', '180', 'food', 'A2b lunch', '2026-02-04T12:44:03.878Z', '1.0', '2026-03-21T12:10:59.473Z', false, 'INR', 'manual', '{}'::jsonb);
INSERT INTO public."entries" ("id", "user_id", "amount", "category", "description", "date", "confidence", "created_at", "is_archived", "currency_code", "source", "metadata") VALUES ('1e552bc7-232f-4e9a-9483-19a740a424d3', '00000000-0000-0000-0000-000000000123', '35', 'transport', 'Bus to & fro', '2026-02-03T15:40:03.278Z', '1.0', '2026-03-21T12:10:59.563Z', false, 'INR', 'manual', '{}'::jsonb);
INSERT INTO public."entries" ("id", "user_id", "amount", "category", "description", "date", "confidence", "created_at", "is_archived", "currency_code", "source", "metadata") VALUES ('67747764-2c7d-4c23-b24e-9fe72167e998', '00000000-0000-0000-0000-000000000123', '65', 'groceries', 'Eggs', '2026-02-03T15:38:13.488Z', '1.0', '2026-03-21T12:10:59.653Z', false, 'INR', 'manual', '{}'::jsonb);
INSERT INTO public."entries" ("id", "user_id", "amount", "category", "description", "date", "confidence", "created_at", "is_archived", "currency_code", "source", "metadata") VALUES ('20cd38dc-dfce-4558-8910-1a4ba967d839', '00000000-0000-0000-0000-000000000123', '40', 'food', 'Lunch', '2026-02-03T15:37:47.943Z', '1.0', '2026-03-21T12:10:59.746Z', false, 'INR', 'manual', '{}'::jsonb);
INSERT INTO public."entries" ("id", "user_id", "amount", "category", "description", "date", "confidence", "created_at", "is_archived", "currency_code", "source", "metadata") VALUES ('42a5cc41-d13b-4ce5-ac3c-c7f7ebe7ee37', '00000000-0000-0000-0000-000000000123', '50', 'transport', 'Uber + metro', '2026-02-02T14:22:05.422Z', '1.0', '2026-03-21T12:10:59.869Z', false, 'INR', 'manual', '{}'::jsonb);
INSERT INTO public."entries" ("id", "user_id", "amount", "category", "description", "date", "confidence", "created_at", "is_archived", "currency_code", "source", "metadata") VALUES ('4fdc8f37-d055-4f39-852d-4a1c14106440', '00000000-0000-0000-0000-000000000123', '145', 'food', 'Zomato', '2026-02-01T08:20:54.654Z', '1.0', '2026-03-21T12:10:59.995Z', false, 'INR', 'manual', '{}'::jsonb);
INSERT INTO public."entries" ("id", "user_id", "amount", "category", "description", "date", "confidence", "created_at", "is_archived", "currency_code", "source", "metadata") VALUES ('581bb2ee-4c5f-4802-82f3-5b028f48f3d6', '00000000-0000-0000-0000-000000000123', '400', 'subscriptions', 'jio wifi bill', '2026-01-31T18:07:00.422Z', '1.0', '2026-03-21T12:11:00.093Z', false, 'INR', 'manual', '{}'::jsonb);
INSERT INTO public."entries" ("id", "user_id", "amount", "category", "description", "date", "confidence", "created_at", "is_archived", "currency_code", "source", "metadata") VALUES ('4ae8c671-06e0-4d09-b10e-8e138aba9e61', '00000000-0000-0000-0000-000000000123', '50', 'transport', 'Bus tickets combined', '2026-01-30T16:22:19.044Z', '1.0', '2026-03-21T12:11:00.194Z', false, 'INR', 'manual', '{}'::jsonb);
INSERT INTO public."entries" ("id", "user_id", "amount", "category", "description", "date", "confidence", "created_at", "is_archived", "currency_code", "source", "metadata") VALUES ('7ae04c16-9810-48dc-a86e-d414d0874310', '00000000-0000-0000-0000-000000000123', '70', 'food', 'Breakfast dosa', '2026-01-30T16:21:26.765Z', '1.0', '2026-03-21T12:11:00.300Z', false, 'INR', 'manual', '{}'::jsonb);
INSERT INTO public."entries" ("id", "user_id", "amount", "category", "description", "date", "confidence", "created_at", "is_archived", "currency_code", "source", "metadata") VALUES ('59806d36-6601-47ca-9ed9-03c2ee4f6a2b', '00000000-0000-0000-0000-000000000123', '30', 'health', 'Pharmacy', '2026-01-29T16:47:08.798Z', '1.0', '2026-03-21T12:11:00.416Z', false, 'INR', 'manual', '{}'::jsonb);
INSERT INTO public."entries" ("id", "user_id", "amount", "category", "description", "date", "confidence", "created_at", "is_archived", "currency_code", "source", "metadata") VALUES ('b1025220-38cc-4580-aa09-146e5cbf3edf', '00000000-0000-0000-0000-000000000123', '15', 'transport', 'Bus ticket', '2026-01-29T16:24:09.816Z', '1.0', '2026-03-21T12:11:00.511Z', false, 'INR', 'manual', '{}'::jsonb);
INSERT INTO public."entries" ("id", "user_id", "amount", "category", "description", "date", "confidence", "created_at", "is_archived", "currency_code", "source", "metadata") VALUES ('1d25ad27-8c55-426c-9fc7-bc64a2568343', '00000000-0000-0000-0000-000000000123', '100', 'food', 'Lunch', '2026-01-29T16:22:53.462Z', '1.0', '2026-03-21T12:11:00.616Z', false, 'INR', 'manual', '{}'::jsonb);
INSERT INTO public."entries" ("id", "user_id", "amount", "category", "description", "date", "confidence", "created_at", "is_archived", "currency_code", "source", "metadata") VALUES ('1e7a84a6-aed7-498b-9d53-0eea92571a22', '00000000-0000-0000-0000-000000000123', '15', 'transport', 'Bus', '2026-01-28T11:36:55.352Z', '1.0', '2026-03-21T12:11:00.720Z', false, 'INR', 'manual', '{}'::jsonb);
INSERT INTO public."entries" ("id", "user_id", "amount", "category", "description", "date", "confidence", "created_at", "is_archived", "currency_code", "source", "metadata") VALUES ('1881f065-db94-431d-a60a-0501a855cb74', '00000000-0000-0000-0000-000000000123', '370', 'misc', 'Stake bet', '2026-01-28T11:36:29.654Z', '1.0', '2026-03-21T12:11:00.815Z', false, 'INR', 'manual', '{}'::jsonb);
INSERT INTO public."entries" ("id", "user_id", "amount", "category", "description", "date", "confidence", "created_at", "is_archived", "currency_code", "source", "metadata") VALUES ('5fbbb80d-cb16-4dd6-a508-8460d26a68fa', '00000000-0000-0000-0000-000000000123', '50', 'food', 'Lunch', '2026-01-27T12:59:12.094Z', '1.0', '2026-03-21T12:11:00.917Z', false, 'INR', 'manual', '{}'::jsonb);
INSERT INTO public."entries" ("id", "user_id", "amount", "category", "description", "date", "confidence", "created_at", "is_archived", "currency_code", "source", "metadata") VALUES ('a33388ad-3e96-45bc-94ff-cbb086eb3e80', '00000000-0000-0000-0000-000000000123', '10', 'transport', 'Train', '2026-01-27T12:58:28.261Z', '1.0', '2026-03-21T12:11:00.997Z', false, 'INR', 'manual', '{}'::jsonb);
INSERT INTO public."entries" ("id", "user_id", "amount", "category", "description", "date", "confidence", "created_at", "is_archived", "currency_code", "source", "metadata") VALUES ('ca5c397d-184a-4536-95db-f1f39f2c385f', '00000000-0000-0000-0000-000000000123', '50', 'transport', 'Rapido', '2026-01-26T14:06:06.026Z', '1.0', '2026-03-21T12:11:01.078Z', false, 'INR', 'manual', '{}'::jsonb);
INSERT INTO public."entries" ("id", "user_id", "amount", "category", "description", "date", "confidence", "created_at", "is_archived", "currency_code", "source", "metadata") VALUES ('20fd3278-7621-419f-9609-09f5ceff2e79', '00000000-0000-0000-0000-000000000123', '40', 'groceries', 'Fruits', '2026-01-26T14:05:35.014Z', '1.0', '2026-03-21T12:11:01.172Z', false, 'INR', 'manual', '{}'::jsonb);
INSERT INTO public."entries" ("id", "user_id", "amount", "category", "description", "date", "confidence", "created_at", "is_archived", "currency_code", "source", "metadata") VALUES ('e16dc3e4-6cd0-4bc4-942e-89198a4a1501', '4c814337-2afd-415b-b596-46bb9432c5fe', '400', 'food', 'Biryani', '2026-03-31T18:35:03.160Z', '1.0', '2026-04-01T18:35:09.053Z', false, 'INR', 'manual', '{"confidence":1}'::jsonb);
INSERT INTO public."entries" ("id", "user_id", "amount", "category", "description", "date", "confidence", "created_at", "is_archived", "currency_code", "source", "metadata") VALUES ('735ac067-4d8c-4482-b431-6fd3a593c33b', '4c814337-2afd-415b-b596-46bb9432c5fe', '30', 'transport', 'Metro + bus', '2026-03-31T18:40:37.698Z', '1', '2026-04-01T18:40:43.558Z', false, 'INR', 'manual', '{"confidence":1}'::jsonb);
INSERT INTO public."entries" ("id", "user_id", "amount", "category", "description", "date", "confidence", "created_at", "is_archived", "currency_code", "source", "metadata") VALUES ('24f03fcc-52d7-4a64-8f69-4556f71bcb68', '4c814337-2afd-415b-b596-46bb9432c5fe', '220', 'food', 'Lunch mandi', '2026-04-02T16:14:34.281Z', '1', '2026-04-02T16:14:41.529Z', false, 'INR', 'manual', '{"confidence":1}'::jsonb);
INSERT INTO public."entries" ("id", "user_id", "amount", "category", "description", "date", "confidence", "created_at", "is_archived", "currency_code", "source", "metadata") VALUES ('c39f79a5-9a5d-45da-9182-c00935dd9c62', '4c814337-2afd-415b-b596-46bb9432c5fe', '100', 'food', 'Burger zomato', '2026-04-03T18:05:49.728Z', '1', '2026-04-03T18:05:57.886Z', false, 'INR', 'manual', '{"confidence":1}'::jsonb);
INSERT INTO public."entries" ("id", "user_id", "amount", "category", "description", "date", "confidence", "created_at", "is_archived", "currency_code", "source", "metadata") VALUES ('e31e51cd-548e-48ab-9264-442a03ec530a', 'a35f5286-ddec-49c5-bd7f-da6e62101e7b', '250', 'food', 'Food', '2026-04-10T13:32:39.861Z', '1', '2026-04-10T13:32:39.991Z', false, 'PHP', 'manual', '{"confidence":1}'::jsonb);
INSERT INTO public."entries" ("id", "user_id", "amount", "category", "description", "date", "confidence", "created_at", "is_archived", "currency_code", "source", "metadata") VALUES ('2b8f6ffd-1ac8-4585-8ed5-5c3e69f39fbb', 'a35f5286-ddec-49c5-bd7f-da6e62101e7b', '850', 'health', 'Hepatitis vaccine', '2026-04-10T13:33:22.442Z', '0.7', '2026-04-10T13:33:22.860Z', false, 'PHP', 'manual', '{"confidence":0.7}'::jsonb);
INSERT INTO public."entries" ("id", "user_id", "amount", "category", "description", "date", "confidence", "created_at", "is_archived", "currency_code", "source", "metadata") VALUES ('0b68ee63-fee4-4d09-b50e-25d6bdd568fa', '4c814337-2afd-415b-b596-46bb9432c5fe', '150', 'entertainment', 'Friends day out', '2026-04-10T17:00:24.708Z', '0.95', '2026-04-10T17:00:46.192Z', false, 'INR', 'manual', '{"model":"gemini-flash-lite-latest","confidence":0.95}'::jsonb);
INSERT INTO public."entries" ("id", "user_id", "amount", "category", "description", "date", "confidence", "created_at", "is_archived", "currency_code", "source", "metadata") VALUES ('953c742c-e9f3-48bc-9717-1a961ac66bbc', '4c814337-2afd-415b-b596-46bb9432c5fe', '85', 'food', 'Breakfast', '2026-04-12T16:36:29.690Z', '1', '2026-04-12T16:36:29.888Z', false, 'INR', 'manual', '{"confidence":1}'::jsonb);
INSERT INTO public."entries" ("id", "user_id", "amount", "category", "description", "date", "confidence", "created_at", "is_archived", "currency_code", "source", "metadata") VALUES ('a9f92a3d-8eee-4af1-b705-281351149cf3', 'a35f5286-ddec-49c5-bd7f-da6e62101e7b', '1000', 'groceries', 'Groceries', '2026-04-14T10:32:13.440Z', '1', '2026-04-14T10:32:13.670Z', false, 'PHP', 'manual', '{"confidence":1}'::jsonb);
INSERT INTO public."entries" ("id", "user_id", "amount", "category", "description", "date", "confidence", "created_at", "is_archived", "currency_code", "source", "metadata") VALUES ('e918bc49-5c7f-46e1-a3e0-80c6baf1c17d', 'a35f5286-ddec-49c5-bd7f-da6e62101e7b', '700', 'groceries', 'Vegetables and fruit', '2026-04-14T10:32:53.986Z', '1', '2026-04-14T10:32:54.225Z', false, 'PHP', 'manual', '{"confidence":1}'::jsonb);
INSERT INTO public."entries" ("id", "user_id", "amount", "category", "description", "date", "confidence", "created_at", "is_archived", "currency_code", "source", "metadata") VALUES ('4a464c98-c110-470d-a910-c5726c4147be', '4c814337-2afd-415b-b596-46bb9432c5fe', '160', 'food', 'Egg biryani', '2026-05-01T16:27:13.750Z', '1', '2026-05-01T16:27:13.924Z', false, 'INR', 'manual', '{"confidence":1}'::jsonb);
INSERT INTO public."entries" ("id", "user_id", "amount", "category", "description", "date", "confidence", "created_at", "is_archived", "currency_code", "source", "metadata") VALUES ('ec669457-f87d-4f8e-97a8-064312178ea6', '4c814337-2afd-415b-b596-46bb9432c5fe', '130', 'food', 'Dinner', '2026-05-03T07:14:01.414Z', '1', '2026-05-04T07:14:01.668Z', false, 'INR', 'manual', '{"confidence":1}'::jsonb);
INSERT INTO public."entries" ("id", "user_id", "amount", "category", "description", "date", "confidence", "created_at", "is_archived", "currency_code", "source", "metadata") VALUES ('213f5ac5-d0f3-452b-90fe-6ebedc00054d', 'a35f5286-ddec-49c5-bd7f-da6e62101e7b', '440', 'groceries', 'Drinking Water Subscription', '2026-05-05T00:40:06.183Z', '0.95', '2026-05-05T00:40:15.658Z', false, 'PHP', 'manual', '{"model":"gemini-flash-lite-latest","confidence":0.95}'::jsonb);
INSERT INTO public."entries" ("id", "user_id", "amount", "category", "description", "date", "confidence", "created_at", "is_archived", "currency_code", "source", "metadata") VALUES ('5a4d2c14-990d-425b-8acc-6bf967d07f03', 'a35f5286-ddec-49c5-bd7f-da6e62101e7b', '200', 'food', 'Takeout', '2026-05-05T00:40:35.414Z', '1', '2026-05-05T00:40:38.816Z', false, 'PHP', 'manual', '{"model":"gemini-flash-lite-latest","confidence":1}'::jsonb);
INSERT INTO public."entries" ("id", "user_id", "amount", "category", "description", "date", "confidence", "created_at", "is_archived", "currency_code", "source", "metadata") VALUES ('33481718-23cb-4e20-ae6c-59f234df716a', 'a35f5286-ddec-49c5-bd7f-da6e62101e7b', '100', 'transport', 'Transport', '2026-05-05T00:42:49.172Z', '1', '2026-05-05T00:42:59.820Z', false, 'PHP', 'manual', '{"model":"gemini-flash-lite-latest","confidence":1}'::jsonb);
INSERT INTO public."entries" ("id", "user_id", "amount", "category", "description", "date", "confidence", "created_at", "is_archived", "currency_code", "source", "metadata") VALUES ('2591ea83-f2ec-4bcc-9882-458883d19da5', '4c814337-2afd-415b-b596-46bb9432c5fe', '25', 'transport', 'Bus ticket', '2026-05-04T18:33:35.349Z', '1', '2026-05-05T18:33:35.616Z', false, 'INR', 'manual', '{"confidence":1}'::jsonb);
INSERT INTO public."entries" ("id", "user_id", "amount", "category", "description", "date", "confidence", "created_at", "is_archived", "currency_code", "source", "metadata") VALUES ('6f497721-375f-447a-8fec-8c2c27a96050', '4c814337-2afd-415b-b596-46bb9432c5fe', '90', 'entertainment', 'Bowling', '2026-05-08T11:24:57.994Z', '1', '2026-05-08T11:25:05.241Z', false, 'INR', 'manual', '{"model":"gemini-flash-lite-latest","confidence":1}'::jsonb);
INSERT INTO public."entries" ("id", "user_id", "amount", "category", "description", "date", "confidence", "created_at", "is_archived", "currency_code", "source", "metadata") VALUES ('f799e714-4bdb-46e2-a7a5-39fc740a0123', '4c814337-2afd-415b-b596-46bb9432c5fe', '380', 'misc', 'Lunch', '2026-05-06T16:53:08.586Z', '0.95', '2026-05-07T16:53:30.571Z', false, 'INR', 'manual', '{"model":"gemini-flash-lite-latest","confidence":0.95}'::jsonb);
INSERT INTO public."entries" ("id", "user_id", "amount", "category", "description", "date", "confidence", "created_at", "is_archived", "currency_code", "source", "metadata") VALUES ('0f4aea2b-5389-458c-ba66-29e7cbda0368', '4c814337-2afd-415b-b596-46bb9432c5fe', '10', 'misc', 'Random Transaction', '2026-05-28T05:09:17.402Z', '0.5', '2026-05-28T05:09:33.214Z', false, 'INR', 'manual', '{"model":"gemini-flash-lite-latest","confidence":0.5}'::jsonb);
INSERT INTO public."entries" ("id", "user_id", "amount", "category", "description", "date", "confidence", "created_at", "is_archived", "currency_code", "source", "metadata") VALUES ('57425a34-795d-487c-bb3f-b1867173313b', '4c814337-2afd-415b-b596-46bb9432c5fe', '600', 'health', 'Medicine', '2026-06-04T15:49:09.677Z', '1', '2026-06-04T15:49:09.937Z', false, 'INR', 'manual', '{"confidence":1}'::jsonb);
INSERT INTO public."entries" ("id", "user_id", "amount", "category", "description", "date", "confidence", "created_at", "is_archived", "currency_code", "source", "metadata") VALUES ('3fc5b447-c648-488f-b942-0c1f2f7ebd42', '4c814337-2afd-415b-b596-46bb9432c5fe', '90', 'food', 'Roll Baby Roll', '2026-06-05T07:12:27.737Z', '0.95', '2026-06-05T07:12:32.622Z', false, 'INR', 'manual', '{"model":"gemini-flash-lite-latest","confidence":0.95}'::jsonb);
INSERT INTO public."entries" ("id", "user_id", "amount", "category", "description", "date", "confidence", "created_at", "is_archived", "currency_code", "source", "metadata") VALUES ('8379789c-7dde-4cd2-8bed-e6beb669c2eb', '4c814337-2afd-415b-b596-46bb9432c5fe', '745', 'shopping', 'Jersey', '2026-06-08T05:46:39.321Z', '0.95', '2026-06-08T05:46:43.941Z', false, 'INR', 'manual', '{"model":"gemini-flash-lite-latest","confidence":0.95}'::jsonb);
INSERT INTO public."entries" ("id", "user_id", "amount", "category", "description", "date", "confidence", "created_at", "is_archived", "currency_code", "source", "metadata") VALUES ('d9d2e59c-0838-4128-9397-4427dba318d1', '4c814337-2afd-415b-b596-46bb9432c5fe', '140', 'food', 'Momos', '2026-06-08T17:15:54.646Z', '1', '2026-06-08T17:15:54.813Z', false, 'INR', 'manual', '{"confidence":1}'::jsonb);
INSERT INTO public."entries" ("id", "user_id", "amount", "category", "description", "date", "confidence", "created_at", "is_archived", "currency_code", "source", "metadata") VALUES ('676b086a-c702-4849-a04b-85d843a54fae', '4c814337-2afd-415b-b596-46bb9432c5fe', '180', 'entertainment', 'Jolly Slot', '2026-06-11T20:32:15.042Z', '0.95', '2026-06-12T20:32:20.623Z', false, 'INR', 'manual', '{"model":"gemini-flash-lite-latest","confidence":0.95}'::jsonb);
INSERT INTO public."entries" ("id", "user_id", "amount", "category", "description", "date", "confidence", "created_at", "is_archived", "currency_code", "source", "metadata") VALUES ('22e9de10-8ff3-48a7-9fc9-44739061ba2e', '4c814337-2afd-415b-b596-46bb9432c5fe', '20', 'food', 'Soda', '2026-06-12T20:32:38.209Z', '0.95', '2026-06-12T20:32:42.106Z', false, 'INR', 'manual', '{"model":"gemini-flash-lite-latest","confidence":0.95}'::jsonb);
INSERT INTO public."entries" ("id", "user_id", "amount", "category", "description", "date", "confidence", "created_at", "is_archived", "currency_code", "source", "metadata") VALUES ('ffc38c2f-960e-4321-b8c0-1fdd8b301c44', '4c814337-2afd-415b-b596-46bb9432c5fe', '950', 'shopping', 'Sneakers', '2026-06-13T17:33:40.534Z', '1', '2026-06-13T17:33:40.607Z', false, 'INR', 'manual', '{"confidence":1}'::jsonb);
INSERT INTO public."entries" ("id", "user_id", "amount", "category", "description", "date", "confidence", "created_at", "is_archived", "currency_code", "source", "metadata") VALUES ('6b7d24d1-cc49-4cd9-89f5-0d72ecd0a00a', '4c814337-2afd-415b-b596-46bb9432c5fe', '200', 'food', 'Dinner', '2026-06-13T17:34:04.449Z', '1', '2026-06-13T17:34:04.672Z', false, 'INR', 'manual', '{"confidence":1}'::jsonb);
INSERT INTO public."entries" ("id", "user_id", "amount", "category", "description", "date", "confidence", "created_at", "is_archived", "currency_code", "source", "metadata") VALUES ('ecbd288a-aab8-47af-a4a1-11515148e380', '4c814337-2afd-415b-b596-46bb9432c5fe', '160', 'entertainment', 'Movie', '2026-06-15T18:49:39.651Z', '1', '2026-06-16T18:49:39.825Z', false, 'INR', 'manual', '{"confidence":1}'::jsonb);
INSERT INTO public."entries" ("id", "user_id", "amount", "category", "description", "date", "confidence", "created_at", "is_archived", "currency_code", "source", "metadata") VALUES ('efad724b-9f26-4187-b8c1-4a9426956881', '4c814337-2afd-415b-b596-46bb9432c5fe', '300', 'entertainment', 'Turf', '2026-06-15T18:49:58.335Z', '1', '2026-06-16T18:49:58.545Z', false, 'INR', 'manual', '{"confidence":1}'::jsonb);

-- Table: financial_profiles (3 rows)
INSERT INTO public."financial_profiles" ("user_id", "monthly_intention", "monthly_income", "updated_at") VALUES ('00000000-0000-0000-0000-000000000123', '0', '1000', '2026-03-16T14:57:13.001Z');
INSERT INTO public."financial_profiles" ("user_id", "monthly_intention", "monthly_income", "updated_at") VALUES ('4c814337-2afd-415b-b596-46bb9432c5fe', '3000', '1000', '2026-05-02T18:19:10.878Z');
INSERT INTO public."financial_profiles" ("user_id", "monthly_intention", "monthly_income", "updated_at") VALUES ('a35f5286-ddec-49c5-bd7f-da6e62101e7b', '24000', '500', '2026-05-05T00:43:59.985Z');

-- Table: journal_entries (4 rows)
INSERT INTO public."journal_entries" ("id", "user_id", "prompt_id", "response", "category", "created_at") VALUES ('fe4b77cc-82e5-4e8f-962c-ae58567f40c3', '4c814337-2afd-415b-b596-46bb9432c5fe', 'pulse_check_3', '🪶 Light as a feather', 'emotional', '2026-04-02T05:12:20.575Z');
INSERT INTO public."journal_entries" ("id", "user_id", "prompt_id", "response", "category", "created_at") VALUES ('152fa0d7-2aa2-4f55-bd1b-2e5eaaf88f10', '4c814337-2afd-415b-b596-46bb9432c5fe', 'pulse_check_3', '🏔️ Quite heavy', 'emotional', '2026-04-02T16:15:58.457Z');
INSERT INTO public."journal_entries" ("id", "user_id", "prompt_id", "response", "category", "created_at") VALUES ('f460febc-a182-4952-9a24-05fed37bd4c0', '4c814337-2afd-415b-b596-46bb9432c5fe', 'pulse_check_3', '🏔️ Quite heavy', 'emotional', '2026-04-02T17:09:20.785Z');
INSERT INTO public."journal_entries" ("id", "user_id", "prompt_id", "response", "category", "created_at") VALUES ('f24f616e-0a7f-49f6-bfe2-dc37df03d174', '4c814337-2afd-415b-b596-46bb9432c5fe', 'pulse_check_5', '⚖️ Just right', 'emotional', '2026-04-03T06:19:21.874Z');

-- Table: payments_log (1 rows)
INSERT INTO public."payments_log" ("payment_id", "user_id", "order_id", "amount", "currency", "status", "created_at") VALUES ('pay_1777642350342', '4c814337-2afd-415b-b596-46bb9432c5fe', 'order_1777642350342', 29900, 'INR', 'captured', '2026-05-01T13:32:34.507Z');

-- Table: recurrent_spends (7 rows)
INSERT INTO public."recurrent_spends" ("id", "user_id", "name", "amount", "category", "frequency", "is_active", "created_at", "billing_month") VALUES ('57168f42-2655-46b7-a97c-c8e29ee55262', '00000000-0000-0000-0000-000000000123', 'Salary', '1000', 'income', 'day-5', true, '2026-04-05T05:18:51.085Z', NULL);
INSERT INTO public."recurrent_spends" ("id", "user_id", "name", "amount", "category", "frequency", "is_active", "created_at", "billing_month") VALUES ('4e863eff-69e9-4184-854a-fd4d16bcb21e', 'a35f5286-ddec-49c5-bd7f-da6e62101e7b', 'Wi-Fi 250', '250', 'Internet', 'monthly', true, '2026-04-10T13:39:57.021Z', NULL);
INSERT INTO public."recurrent_spends" ("id", "user_id", "name", "amount", "category", "frequency", "is_active", "created_at", "billing_month") VALUES ('51754a86-bca3-4b65-8207-61b7a33d4a4b', '4c814337-2afd-415b-b596-46bb9432c5fe', 'Division grant', '600', 'income', 'day-2', true, '2026-05-02T18:19:11.347Z', '2026-05');
INSERT INTO public."recurrent_spends" ("id", "user_id", "name", "amount", "category", "frequency", "is_active", "created_at", "billing_month") VALUES ('28c5a99e-66b6-4eec-be52-aef25122f62a', '4c814337-2afd-415b-b596-46bb9432c5fe', 'Beta', '200', 'income', 'day-12', true, '2026-05-02T18:19:11.347Z', '2026-05');
INSERT INTO public."recurrent_spends" ("id", "user_id", "name", "amount", "category", "frequency", "is_active", "created_at", "billing_month") VALUES ('fb7befce-384e-4e85-b057-b80d7477b5b8', '4c814337-2afd-415b-b596-46bb9432c5fe', 'Ince', '200', 'income', 'day-5', true, '2026-05-02T18:19:11.347Z', '2026-05');
INSERT INTO public."recurrent_spends" ("id", "user_id", "name", "amount", "category", "frequency", "is_active", "created_at", "billing_month") VALUES ('d11dbec8-eca1-4dde-a260-935fc1297fcb', 'a35f5286-ddec-49c5-bd7f-da6e62101e7b', '9400', '9400', 'Rent', 'monthly', true, '2026-05-05T00:37:55.315Z', NULL);
INSERT INTO public."recurrent_spends" ("id", "user_id", "name", "amount", "category", "frequency", "is_active", "created_at", "billing_month") VALUES ('eea9ea57-4d48-4e03-b06f-18e307a3d2ec', 'a35f5286-ddec-49c5-bd7f-da6e62101e7b', 'Income', '500', 'income', 'day-5', true, '2026-05-05T00:44:00.629Z', '2026-05');

-- Table: savings_goals (2 rows)
INSERT INTO public."savings_goals" ("id", "user_id", "name", "emoji", "target_amount", "current_amount", "target_date", "created_at", "updated_at") VALUES ('83251955-d5f7-421c-ad6c-8679e88b5187', '4c814337-2afd-415b-b596-46bb9432c5fe', 'football items', 'Target', '1000', '200', NULL, '2026-04-02T05:51:56.062Z', '2026-04-02T05:51:56.062Z');
INSERT INTO public."savings_goals" ("id", "user_id", "name", "emoji", "target_amount", "current_amount", "target_date", "created_at", "updated_at") VALUES ('3ea7dcf9-d82a-4df6-88fa-fe055e429fe8', 'a35f5286-ddec-49c5-bd7f-da6e62101e7b', 'Jeans', 'Gift', '1500', '0', '2026-06-30T00:00:00.000Z', '2026-04-10T13:42:40.435Z', '2026-04-10T13:42:40.435Z');

-- Table: user_profiles (7 rows)
INSERT INTO public."user_profiles" ("user_id", "tier", "created_at", "updated_at", "is_pro", "subscription_id", "plan_type") VALUES ('00000000-0000-0000-0000-000000000123', 'free', '2026-02-13T05:28:15.574Z', '2026-02-13T05:28:15.574Z', false, NULL, NULL);
INSERT INTO public."user_profiles" ("user_id", "tier", "created_at", "updated_at", "is_pro", "subscription_id", "plan_type") VALUES ('a35f5286-ddec-49c5-bd7f-da6e62101e7b', 'free', '2026-04-10T13:29:56.158Z', '2026-04-10T13:29:56.158Z', true, NULL, NULL);
INSERT INTO public."user_profiles" ("user_id", "tier", "created_at", "updated_at", "is_pro", "subscription_id", "plan_type") VALUES ('d17c710d-0310-414a-b995-1f72876fbbab', 'free', '2026-04-17T11:06:51.129Z', '2026-04-17T11:06:51.129Z', true, NULL, NULL);
INSERT INTO public."user_profiles" ("user_id", "tier", "created_at", "updated_at", "is_pro", "subscription_id", "plan_type") VALUES ('4c814337-2afd-415b-b596-46bb9432c5fe', 'free', '2026-03-21T11:46:37.947Z', '2026-03-21T11:46:37.947Z', true, NULL, NULL);
INSERT INTO public."user_profiles" ("user_id", "tier", "created_at", "updated_at", "is_pro", "subscription_id", "plan_type") VALUES ('d4de4e3a-a204-45eb-9250-7302edac50f8', 'free', '2026-05-01T18:04:23.721Z', '2026-05-01T18:04:23.721Z', false, NULL, NULL);
INSERT INTO public."user_profiles" ("user_id", "tier", "created_at", "updated_at", "is_pro", "subscription_id", "plan_type") VALUES ('8c66b395-e3ec-4123-a156-27c0c3404d46', 'free', '2026-05-02T05:29:40.610Z', '2026-05-02T05:29:40.610Z', false, NULL, NULL);
INSERT INTO public."user_profiles" ("user_id", "tier", "created_at", "updated_at", "is_pro", "subscription_id", "plan_type") VALUES ('fbe162a9-a82f-42e6-b281-631554853982', 'free', '2026-05-02T06:24:13.832Z', '2026-05-02T06:24:13.832Z', false, NULL, NULL);

-- Table: weekly_goals (2 rows)
INSERT INTO public."weekly_goals" ("id", "user_id", "amount", "created_at") VALUES ('a6b18b3c-2952-473e-b5e1-35f59c9d972d', 'a35f5286-ddec-49c5-bd7f-da6e62101e7b', '1500', '2026-04-10T13:48:29.815Z');
INSERT INTO public."weekly_goals" ("id", "user_id", "amount", "created_at") VALUES ('b5f3c99d-0ef5-4648-8d07-be354b9625c1', '4c814337-2afd-415b-b596-46bb9432c5fe', '1000', '2026-05-01T17:55:31.207Z');

SET session_replication_role = DEFAULT; -- Re-enable triggers/FKs
